{"cameraMode":{"drawMode":0,"name":"Shaded","section":"Shading Mode"},"sceneLighting":true,"audioPlay":false,"sceneViewState":{"m_AlwaysRefresh":false,"showFog":true,"showSkybox":true,"showFlares":true,"showImageEffects":true,"showParticleSystems":true,"showVisualEffectGraphs":true,"m_FxEnabled":true},"in2DMode":false,"pivot":{"x":-0.03829805925488472,"y":49.78744888305664,"z":-0.967440128326416},"rotation":{"x":0.015435196459293366,"y":-0.6266782283782959,"z":0.7790952920913696,"w":0.012383067049086094},"size":59.200592041015628,"orthographic":true}